{"buttons":[{"text":"h2","title":"h2","start":"<h2>","end":"<\/h2>","access":"","order":0,"post":1,"page":1,"visual":0,"attachment":0,"comment":0,"edit-comments":0,"widgets":0},{"text":"h3","title":"h3","start":"<h3>","end":"<\/h3>","access":"","order":0,"post":1,"page":1,"visual":0,"attachment":0,"comment":0,"edit-comments":0,"widgets":0},{"text":"h4","title":"h4","start":"<h4>","end":"<\/h4>","access":"","order":0,"post":1,"page":1,"visual":0,"attachment":0,"comment":0,"edit-comments":0,"widgets":0}]}